{
  "config": {
    "model": "HuggingFaceTB/SmolLM2-135M-Instruct",
    "device": 0,
    "fp16": false,
    "max_context": 512,
    "obs_window": 32,
    "percent_clusters": 5.0,
    "kmeans_iters": 10,
    "sparsity": 0.95,
    "gamma": 0.3,
    "alpha": 1.0,
    "beta": 0.5,
    "num_queries": 2,
    "output": "results/pareto_sweep/accuracy_s0.95.json"
  },
  "stats": {
    "num_queries": 2,
    "num_layers": 30,
    "num_heads": 3,
    "fixed_context_length": 188,
    "num_clusters": 7
  },
  "results": {
    "key_only": {
      "avg_cos_sim": 0.617577105636398,
      "avg_mse": 0.16930348437164564,
      "avg_kv_budget": 0.14732906340310972,
      "clustering_time_s": 0.15589094161987305
    },
    "value_aware": {
      "avg_cos_sim": 0.6154560855279366,
      "avg_mse": 0.18290424835812094,
      "avg_kv_budget": 0.1545227948576212,
      "clustering_time_s": 0.2046663761138916
    },
    "quest": {
      "avg_cos_sim": 0.47724599291880926,
      "avg_mse": 0.24125950388261116,
      "avg_kv_budget": 0.06346153994866957,
      "clustering_time_s": 0.01221156120300293
    }
  }
}